<?xml version="1.0" encoding="UTF-8"?>
<!--

Syntax highlighting definition for AsciiDoc files

-->
<highlighters>
    <highlighter type="multiline-comment">
        <start>////</start>
        <end>////</end>
    </highlighter>
    <highlighter type="oneline-comment">
        <start>//</start>
        <solitary/>
    </highlighter>
    <highlighter type="regex">
        <pattern>^(={1,6} .+)$</pattern>
        <style>heading</style>
        <flags>MULTILINE</flags>
    </highlighter>
    <highlighter type="regex">
        <pattern>^(\.[^\.\s].+)$</pattern>
        <style>title</style>
        <flags>MULTILINE</flags>
    </highlighter>
    <highlighter type="regex">
        <pattern>^(:!?\w.*?:)</pattern>
        <style>attribute</style>
        <flags>MULTILINE</flags>
    </highlighter>
    <highlighter type="regex">
        <pattern>^(-|\*{1,5}|\d*\.{1,5})(?= .+$)</pattern>
        <style>bullet</style>
        <flags>MULTILINE</flags>
    </highlighter>
    <highlighter type="regex">
        <pattern>^(\[.+\])$</pattern>
        <style>attribute</style>
        <flags>MULTILINE</flags>
    </highlighter>
</highlighters>
