<?xml version='1.0'?>
<!--

  Bakalarska prace: Zvyraznovani syntaxe v XSLT
  Michal Molhanec 2005

  myxml-hl.xml - konfigurace zvyraznovace XML, ktera zvlast zvyrazni
                 HTML elementy a XSL elementy

  This file has been customized for the Asciidoctor project (http://asciidoctor.org).
-->
<highlighters>
    <highlighter type="xml">
        <elementSet>
            <style>htmltag</style>
            <element>a</element>
            <element>abbr</element>
            <element>address</element>
            <element>area</element>
            <element>article</element>
            <element>aside</element>
            <element>audio</element>
            <element>b</element>
            <element>base</element>
            <element>bdi</element>
            <element>blockquote</element>
            <element>body</element>
            <element>br</element>
            <element>button</element>
            <element>caption</element>
            <element>canvas</element>
            <element>cite</element>
            <element>code</element>
            <element>command</element>
            <element>col</element>
            <element>colgroup</element>
            <element>dd</element>
            <element>del</element>
            <element>dialog</element>
            <element>div</element>
            <element>dl</element>
            <element>dt</element>
            <element>em</element>
            <element>embed</element>
            <element>fieldset</element>
            <element>figcaption</element>
            <element>figure</element>
            <element>font</element>
            <element>form</element>
            <element>footer</element>
            <element>h1</element>
            <element>h2</element>
            <element>h3</element>
            <element>h4</element>
            <element>h5</element>
            <element>h6</element>
            <element>head</element>
            <element>header</element>
            <element>hr</element>
            <element>html</element>
            <element>i</element>
            <element>iframe</element>
            <element>img</element>
            <element>input</element>
            <element>ins</element>
            <element>kbd</element>
            <element>label</element>
            <element>legend</element>
            <element>li</element>
            <element>link</element>
            <element>map</element>
            <element>mark</element>
            <element>menu</element>
            <element>menu</element>
            <element>meta</element>
            <element>nav</element>
            <element>noscript</element>
            <element>object</element>
            <element>ol</element>
            <element>optgroup</element>
            <element>option</element>
            <element>p</element>
            <element>param</element>
            <element>pre</element>
            <element>q</element>
            <element>samp</element>
            <element>script</element>
            <element>section</element>
            <element>select</element>
            <element>small</element>
            <element>source</element>
            <element>span</element>
            <element>strong</element>
            <element>style</element>
            <element>sub</element>
            <element>summary</element>
            <element>sup</element>
            <element>table</element>
            <element>tbody</element>
            <element>td</element>
            <element>textarea</element>
            <element>tfoot</element>
            <element>th</element>
            <element>thead</element>
            <element>time</element>
            <element>title</element>
            <element>tr</element>
            <element>track</element>
            <element>u</element>
            <element>ul</element>
            <element>var</element>
            <element>video</element>
            <element>wbr</element>
            <element>xmp</element>
            <ignoreCase/>
        </elementSet>
        <elementPrefix>
            <style>namespace</style>
            <prefix>xsl:</prefix>
        </elementPrefix>
    </highlighter>
</highlighters>
