<?xml version="1.0" encoding="UTF-8"?>
<highlighters>
    <highlighter type="oneline-comment">#</highlighter>
    <highlighter type="string">
        <string>"</string>
        <escape>\</escape>
    </highlighter>
    <highlighter type="string">
        <string>'</string>
        <escape>\</escape>
    </highlighter>
    <highlighter type="annotation">
        <start>@</start>
        <valueStart>(</valueStart>
        <valueEnd>)</valueEnd>
    </highlighter>
    <highlighter type="number">
        <point>.</point>
        <exponent>e</exponent>
        <suffix>f</suffix>
        <suffix>d</suffix>
        <suffix>l</suffix>
        <ignoreCase/>
    </highlighter>
    <highlighter type="keywords">
        <keyword>true</keyword>
        <keyword>false</keyword>
    </highlighter>
    <highlighter type="word">
        <word>{</word>
        <word>}</word>
        <word>,</word>
        <word>[</word>
        <word>]</word>
        <style>keyword</style>
    </highlighter>
</highlighters>
